{
"lengthUnit": "mil",
"remark": [],
"components": {
	"fields": ["COMPONENT_NO", "COMPONENT_NAME", "LAYER", "X_COORDINATE", "Y_COORDINATE", "ANGLE"],
	"rows": [
		[1, "C1", "T", 245.12, -465, 180],
		[2, "C2", "T", 241.771, -604.291, 180],
		[3, "C3", "T", 244.83, -534.291, 180],
		[4, "R4", "T", 300, 215, 90],
		[5, "R5", "T", -305, -215, 270],
		[6, "R6", "T", 40.34, 370.34, 270],
		[7, "R7", "T", -45.34, 370.34, 90],
		[8, "SCREW1", "T", -602.08, 602.08, 0],
		[9, "SCREW2", "T", -602.08, -602.08, 0],
		[10, "SCREW3", "T", 602.08, -602.08, 0],
		[11, "SCREW4", "T", 602.08, 602.08, 0],
		[12, "SW2", "T", 0, 0, 0],
		[13, "SW3", "T", -320, -450, 0],
		[14, "U1", "T", 0, -485, 270],
		[15, "U2", "T", -450, 0, 0],
		[16, "U3", "T", 450, 0, 0],
		[17, "USBC2", "T", 0, 555, 180],
		[18, "PAD1", "T", -83.07, -445.63, 0],
		[19, "PAD2", "T", -83.07, -465.32, 0],
		[20, "PAD3", "T", -83.07, -485, 0],
		[21, "PAD4", "T", -83.07, -504.69, 0],
		[22, "PAD5", "T", 83.07, -445.63, 0],
		[23, "PAD6", "T", 83.07, -465.32, 0],
		[24, "PAD7", "T", 83.07, -485, 0],
		[25, "PAD8", "T", 83.07, -504.69, 0],
		[26, "PAD9", "T", 83.07, -524.37, 0],
		[27, "PAD10", "T", 49.21, 457.593, 0],
		[28, "PAD11", "T", 29.53, 457.593, 0],
		[29, "PAD12", "T", 9.84, 457.593, 0],
		[30, "PAD13", "T", -9.84, 457.593, 0],
		[31, "PAD14", "T", -29.53, 457.593, 0],
		[32, "PAD15", "T", -68.9, 457.593, 0],
		[33, "PAD16", "T", 131.89, 457.593, 0],
		[34, "PAD17", "T", 120.08, 457.593, 0],
		[35, "PAD18", "T", 100.39, 457.593, 0],
		[36, "PAD19", "T", 88.58, 457.593, 0],
		[37, "PAD20", "T", -88.58, 457.593, 0],
		[38, "PAD21", "T", -100.4, 457.593, 0],
		[39, "PAD22", "T", -120.08, 457.593, 0],
		[40, "PAD23", "T", -131.89, 457.593, 0],
		[41, "PAD24", "T", -170.28, 652.403, 0],
		[42, "PAD24", "B", -170.28, 652.403, 0],
		[43, "PAD25", "T", -170.28, 487.843, 0],
		[44, "PAD25", "B", -170.28, 487.843, 0],
		[45, "PAD26", "T", 170.28, 487.843, 0],
		[46, "PAD26", "B", 170.28, 487.843, 0],
		[47, "PAD27", "T", 170.28, 652.403, 0],
		[48, "PAD27", "B", 170.28, 652.403, 0],
		[49, "PAD28", "T", 217.56, -465, 0],
		[50, "PAD29", "T", 272.68, -465, 0],
		[51, "PAD30", "T", 214.211, -604.291, 0],
		[52, "PAD31", "T", 269.331, -604.291, 0],
		[53, "PAD32", "T", 217.27, -534.291, 0],
		[54, "PAD33", "T", 272.39, -534.291, 0],
		[55, "PAD34", "T", 300, 244.66, 0],
		[56, "PAD35", "T", 300, 185.34, 0],
		[57, "PAD36", "T", -305, -244.66, 0],
		[58, "PAD37", "T", -305, -185.34, 0],
		[59, "PAD38", "T", -98.42, 285.43, 0],
		[60, "PAD38", "B", -98.42, 285.43, 0],
		[61, "PAD39", "T", 98.43, 285.43, 0],
		[62, "PAD39", "B", 98.43, 285.43, 0],
		[63, "PAD40", "T", -98.42, -285.43, 0],
		[64, "PAD40", "B", -98.42, -285.43, 0],
		[65, "PAD41", "T", 0, -285.43, 0],
		[66, "PAD41", "B", 0, -285.43, 0],
		[67, "PAD42", "T", 98.43, -285.43, 0],
		[68, "PAD42", "B", 98.43, -285.43, 0],
		[69, "PAD43", "T", 40.34, 340.68, 0],
		[70, "PAD44", "T", 40.34, 400, 0],
		[71, "PAD45", "T", -45.34, 400, 0],
		[72, "PAD46", "T", -45.34, 340.68, 0],
		[73, "PAD47", "T", -447.95, -373.23, 0],
		[74, "PAD47", "B", -447.95, -373.23, 0],
		[75, "PAD48", "T", -192.05, -373.23, 0],
		[76, "PAD48", "B", -192.05, -373.23, 0],
		[77, "PAD49", "T", -192.05, -526.77, 0],
		[78, "PAD49", "B", -192.05, -526.77, 0],
		[79, "PAD50", "T", -447.95, -526.77, 0],
		[80, "PAD50", "B", -447.95, -526.77, 0],
		[81, "PAD51", "T", -351.575, -62.99, 0],
		[82, "PAD52", "T", -351.575, 62.99, 0],
		[83, "PAD53", "T", -548.425, 62.99, 0],
		[84, "PAD54", "T", -548.425, -62.99, 0],
		[85, "PAD55", "T", 548.425, -62.99, 0],
		[86, "PAD56", "T", 548.425, 62.99, 0],
		[87, "PAD57", "T", 351.575, 62.99, 0]
	]
},
"pins": {
	"fields": ["PIN_NO", "PIN_NAME", "PIN_X", "PIN_Y", "LAYER", "PIN_TYPE", "NET_NAME", "NET_TYPE", "PAD_SHAPE", "PAD_SIZEX", "PAD_SIZEY", "HOLE_SIZE", "HOLE_LEN", "PAD_ANGLE"],
	"rows": [
		[1, "C1_1", 272.68, -465, "T", "SMD", "GND", "GND", "R", 31.496, 35.433, 0, 0, 180],
		[2, "C1_2", 217.56, -465, "T", "SMD", "VCC", "", "R", 31.496, 35.433, 0, 0, 180],
		[3, "C2_1", 269.331, -604.291, "T", "SMD", "GND", "GND", "R", 31.496, 35.433, 0, 0, 180],
		[4, "C2_2", 214.211, -604.291, "T", "SMD", "VCC", "", "R", 31.496, 35.433, 0, 0, 180],
		[5, "C3_1", 272.39, -534.291, "T", "SMD", "GND", "GND", "R", 31.496, 35.433, 0, 0, 180],
		[6, "C3_2", 217.27, -534.291, "T", "SMD", "+3V3", "", "R", 31.496, 35.433, 0, 0, 180],
		[7, "R4_1", 300, 185.34, "T", "SMD", "DP", "", "R", 31.751, 34.016, 0, 0, 90],
		[8, "R4_2", 300, 244.66, "T", "SMD", "$1N1822", "", "R", 31.751, 34.016, 0, 0, 90],
		[9, "R5_1", -305, -185.34, "T", "SMD", "$1N2076", "", "R", 31.751, 34.016, 0, 0, 270],
		[10, "R5_2", -305, -244.66, "T", "SMD", "DIN", "", "R", 31.751, 34.016, 0, 0, 270],
		[11, "R6_1", 40.34, 400, "T", "SMD", "$1N1196", "", "R", 31.751, 34.016, 0, 0, 270],
		[12, "R6_2", 40.34, 340.68, "T", "SMD", "GND", "GND", "R", 31.751, 34.016, 0, 0, 270],
		[13, "R7_1", -45.34, 340.68, "T", "SMD", "GND", "GND", "R", 31.751, 34.016, 0, 0, 90],
		[14, "R7_2", -45.34, 400, "T", "SMD", "$1N1197", "", "R", 31.751, 34.016, 0, 0, 90],
		[15, "SCREW1_1", -602.08, 602.08, "T", "DIP", "NET_1", "", "C", 78.7402, 78.7402, 78.7402, 78.7402, 0],
		[16, "SCREW1_1", -602.08, 602.08, "B", "DIP", "NET_1", "", "C", 78.7402, 78.7402, 78.7402, 78.7402, 0],
		[17, "SCREW2_1", -602.08, -602.08, "T", "DIP", "NET_2", "", "C", 78.7402, 78.7402, 78.7402, 78.7402, 0],
		[18, "SCREW2_1", -602.08, -602.08, "B", "DIP", "NET_2", "", "C", 78.7402, 78.7402, 78.7402, 78.7402, 0],
		[19, "SCREW3_1", 602.08, -602.08, "T", "DIP", "NET_3", "", "C", 78.7402, 78.7402, 78.7402, 78.7402, 0],
		[20, "SCREW3_1", 602.08, -602.08, "B", "DIP", "NET_3", "", "C", 78.7402, 78.7402, 78.7402, 78.7402, 0],
		[21, "SCREW4_1", 602.08, 602.08, "T", "DIP", "NET_4", "", "C", 78.7402, 78.7402, 78.7402, 78.7402, 0],
		[22, "SCREW4_1", 602.08, 602.08, "B", "DIP", "NET_4", "", "C", 78.7402, 78.7402, 78.7402, 78.7402, 0],
		[23, "SW2_1", -98.42, 285.43, "T", "DIP", "SW", "", "C", 70.866, 70.866, 47.244, 47.244, 0],
		[24, "SW2_1", -98.42, 285.43, "B", "DIP", "SW", "", "C", 70.866, 70.866, 47.244, 47.244, 0],
		[25, "SW2_2", 98.43, 285.43, "T", "DIP", "GND", "GND", "C", 70.866, 70.866, 47.244, 47.244, 0],
		[26, "SW2_2", 98.43, 285.43, "B", "DIP", "GND", "GND", "C", 70.866, 70.866, 47.244, 47.244, 0],
		[27, "SW2_A", -98.42, -285.43, "T", "DIP", "A", "", "C", 70.866, 70.866, 47.244, 47.244, 0],
		[28, "SW2_A", -98.42, -285.43, "B", "DIP", "A", "", "C", 70.866, 70.866, 47.244, 47.244, 0],
		[29, "SW2_B", 98.43, -285.43, "T", "DIP", "B", "", "C", 70.866, 70.866, 47.244, 47.244, 0],
		[30, "SW2_B", 98.43, -285.43, "B", "DIP", "B", "", "C", 70.866, 70.866, 47.244, 47.244, 0],
		[31, "SW2_C", 0, -285.43, "T", "DIP", "GND", "GND", "C", 70.866, 70.866, 47.244, 47.244, 0],
		[32, "SW2_C", 0, -285.43, "B", "DIP", "GND", "GND", "C", 70.866, 70.866, 47.244, 47.244, 0],
		[33, "SW2_MT1", -224.41, 9.84, "T", "DIP", "NET_5", "", "O", 94.488, 149.606, 55.118, 110.236, 0],
		[34, "SW2_MT1", -224.41, 9.84, "B", "DIP", "NET_5", "", "O", 94.488, 149.606, 55.118, 110.236, 0],
		[35, "SW2_MT2", 224.41, 9.84, "T", "DIP", "NET_6", "", "O", 94.488, 149.606, 55.118, 110.236, 0],
		[36, "SW2_MT2", 224.41, 9.84, "B", "DIP", "NET_6", "", "O", 94.488, 149.606, 55.118, 110.236, 0],
		[37, "SW3_1", -447.95, -373.23, "T", "DIP", "$1N1822", "", "C", 78.74, 78.74, 47.24, 47.24, 180],
		[38, "SW3_1", -447.95, -373.23, "B", "DIP", "$1N1822", "", "C", 78.74, 78.74, 47.24, 47.24, 180],
		[39, "SW3_2", -192.05, -373.23, "T", "DIP", "$1N1822", "", "C", 78.74, 78.74, 47.24, 47.24, 180],
		[40, "SW3_2", -192.05, -373.23, "B", "DIP", "$1N1822", "", "C", 78.74, 78.74, 47.24, 47.24, 180],
		[41, "SW3_3", -447.95, -526.77, "T", "DIP", "$1N4524", "", "C", 78.74, 78.74, 47.24, 47.24, 180],
		[42, "SW3_3", -447.95, -526.77, "B", "DIP", "$1N4524", "", "C", 78.74, 78.74, 47.24, 47.24, 180],
		[43, "SW3_4", -192.05, -526.77, "T", "DIP", "$1N4524", "", "C", 78.74, 78.74, 47.24, 47.24, 180],
		[44, "SW3_4", -192.05, -526.77, "B", "DIP", "$1N4524", "", "C", 78.74, 78.74, 47.24, 47.24, 180],
		[45, "U1_1", -83.07, -445.63, "T", "SMD", "DIN", "", "O", 11.024, 63.78, 0, 0, 270],
		[46, "U1_2", -83.07, -465.32, "T", "SMD", "A", "", "O", 11.024, 63.78, 0, 0, 270],
		[47, "U1_3", -83.07, -485, "T", "SMD", "B", "", "O", 11.024, 63.78, 0, 0, 270],
		[48, "U1_4", -83.07, -504.69, "T", "SMD", "SW", "", "O", 11.024, 63.78, 0, 0, 270],
		[49, "U1_5", -83.07, -524.37, "T", "SMD", "NET_7", "", "O", 11.024, 63.78, 0, 0, 270],
		[50, "U1_6", 83.07, -524.37, "T", "SMD", "DP", "", "O", 11.024, 63.78, 0, 0, 270],
		[51, "U1_7", 83.07, -504.69, "T", "SMD", "DN", "", "O", 11.024, 63.78, 0, 0, 270],
		[52, "U1_8", 83.07, -485, "T", "SMD", "GND", "GND", "O", 11.024, 63.78, 0, 0, 270],
		[53, "U1_9", 83.07, -465.32, "T", "SMD", "VCC", "", "O", 11.024, 63.78, 0, 0, 270],
		[54, "U1_10", 83.07, -445.63, "T", "SMD", "+3V3", "", "O", 11.024, 63.78, 0, 0, 270],
		[55, "U2_1", -548.425, 62.99, "T", "SMD", "VCC", "", "R", 70.866, 39.37, 0, 0, 180],
		[56, "U2_2", -548.425, -62.99, "T", "SMD", "DOUT", "", "R", 70.866, 39.37, 0, 0, 180],
		[57, "U2_3", -351.575, -62.99, "T", "SMD", "GND", "GND", "R", 70.866, 39.37, 0, 0, 180],
		[58, "U2_4", -351.575, 62.99, "T", "SMD", "$1N2076", "", "R", 70.866, 39.37, 0, 0, 180],
		[59, "U3_1", 351.575, 62.99, "T", "SMD", "VCC", "", "R", 70.866, 39.37, 0, 0, 180],
		[60, "U3_2", 351.575, -62.99, "T", "SMD", "NET_8", "", "R", 70.866, 39.37, 0, 0, 180],
		[61, "U3_3", 548.425, -62.99, "T", "SMD", "GND", "GND", "R", 70.866, 39.37, 0, 0, 180],
		[62, "U3_4", 548.425, 62.99, "T", "SMD", "DOUT", "", "R", 70.866, 39.37, 0, 0, 180],
		[63, "USBC2_0", 170.28, 487.843, "T", "DIP", "GND", "GND", "O", 47.244, 78.74, 31.496, 62.993, 180],
		[64, "USBC2_0", 170.28, 487.843, "B", "DIP", "GND", "GND", "O", 47.244, 78.74, 31.496, 62.993, 180],
		[65, "USBC2_1", -170.28, 487.843, "T", "DIP", "GND", "GND", "O", 47.244, 78.74, 31.496, 62.991, 180],
		[66, "USBC2_1", -170.28, 487.843, "B", "DIP", "GND", "GND", "O", 47.244, 78.74, 31.496, 62.991, 180],
		[67, "USBC2_2", -170.28, 652.403, "T", "DIP", "GND", "GND", "O", 47.244, 70.866, 31.496, 55.118, 180],
		[68, "USBC2_2", -170.28, 652.403, "B", "DIP", "GND", "GND", "O", 47.244, 70.866, 31.496, 55.118, 180],
		[69, "USBC2_3", 170.28, 652.403, "T", "DIP", "GND", "GND", "O", 47.244, 70.866, 31.496, 55.118, 180],
		[70, "USBC2_3", 170.28, 652.403, "B", "DIP", "GND", "GND", "O", 47.244, 70.866, 31.496, 55.118, 180],
		[71, "USBC2_A1", 131.89, 457.593, "T", "SMD", "GND", "GND", "R", 11.811, 51.181, 0, 0, 180],
		[72, "USBC2_A12", -131.89, 457.593, "T", "SMD", "GND", "GND", "R", 11.811, 51.181, 0, 0, 180],
		[73, "USBC2_A4", 100.39, 457.593, "T", "SMD", "+5V", "", "R", 11.811, 51.181, 0, 0, 180],
		[74, "USBC2_A5", 49.21, 457.593, "T", "SMD", "$1N1196", "", "R", 11.811, 51.181, 0, 0, 180],
		[75, "USBC2_A6", 9.84, 457.593, "T", "SMD", "DP", "", "R", 11.811, 51.181, 0, 0, 180],
		[76, "USBC2_A7", -9.84, 457.593, "T", "SMD", "DN", "", "R", 11.811, 51.181, 0, 0, 180],
		[77, "USBC2_A8", -49.2, 457.593, "T", "SMD", "NET_9", "", "R", 11.811, 51.181, 0, 0, 180],
		[78, "USBC2_A9", -100.4, 457.593, "T", "SMD", "+5V", "", "R", 11.811, 51.181, 0, 0, 180],
		[79, "USBC2_B1", -120.08, 457.593, "T", "SMD", "GND", "GND", "R", 11.811, 51.181, 0, 0, 180],
		[80, "USBC2_B12", 120.08, 457.593, "T", "SMD", "GND", "GND", "R", 11.811, 51.181, 0, 0, 180],
		[81, "USBC2_B4", -88.58, 457.593, "T", "SMD", "+5V", "", "R", 11.811, 51.181, 0, 0, 180],
		[82, "USBC2_B5", -68.9, 457.593, "T", "SMD", "$1N1197", "", "R", 11.811, 51.181, 0, 0, 180],
		[83, "USBC2_B6", -29.53, 457.593, "T", "SMD", "DP", "", "R", 11.811, 51.181, 0, 0, 180],
		[84, "USBC2_B7", 29.53, 457.593, "T", "SMD", "DN", "", "R", 11.811, 51.181, 0, 0, 180],
		[85, "USBC2_B8", 68.9, 457.593, "T", "SMD", "NET_10", "", "R", 11.811, 51.181, 0, 0, 180],
		[86, "USBC2_B9", 88.58, 457.593, "T", "SMD", "+5V", "", "R", 11.811, 51.181, 0, 0, 180],
		[87, "PAD1_1", -83.07, -445.63, "T", "SMD", "DIN", "", "O", 11.024, 63.78, 0, 0, 270],
		[88, "PAD2_2", -83.07, -465.32, "T", "SMD", "A", "", "O", 11.024, 63.78, 0, 0, 270],
		[89, "PAD3_3", -83.07, -485, "T", "SMD", "B", "", "O", 11.024, 63.78, 0, 0, 270],
		[90, "PAD4_4", -83.07, -504.69, "T", "SMD", "SW", "", "O", 11.024, 63.78, 0, 0, 270],
		[91, "PAD5_10", 83.07, -445.63, "T", "SMD", "+3V3", "", "O", 11.024, 63.78, 0, 0, 270],
		[92, "PAD6_9", 83.07, -465.32, "T", "SMD", "VCC", "", "O", 11.024, 63.78, 0, 0, 270],
		[93, "PAD7_8", 83.07, -485, "T", "SMD", "GND", "GND", "O", 11.024, 63.78, 0, 0, 270],
		[94, "PAD8_7", 83.07, -504.69, "T", "SMD", "DN", "", "O", 11.024, 63.78, 0, 0, 270],
		[95, "PAD9_6", 83.07, -524.37, "T", "SMD", "DP", "", "O", 11.024, 63.78, 0, 0, 270],
		[96, "PAD10_A5", 49.21, 457.593, "T", "SMD", "$1N1196", "", "R", 11.811, 51.181, 0, 0, 180],
		[97, "PAD11_B7", 29.53, 457.593, "T", "SMD", "DN", "", "R", 11.811, 51.181, 0, 0, 180],
		[98, "PAD12_A6", 9.84, 457.593, "T", "SMD", "DP", "", "R", 11.811, 51.181, 0, 0, 180],
		[99, "PAD13_A7", -9.84, 457.593, "T", "SMD", "DN", "", "R", 11.811, 51.181, 0, 0, 180],
		[100, "PAD14_B6", -29.53, 457.593, "T", "SMD", "DP", "", "R", 11.811, 51.181, 0, 0, 180],
		[101, "PAD15_B5", -68.9, 457.593, "T", "SMD", "$1N1197", "", "R", 11.811, 51.181, 0, 0, 180],
		[102, "PAD16_A1", 131.89, 457.593, "T", "SMD", "GND", "GND", "R", 11.811, 51.181, 0, 0, 180],
		[103, "PAD17_B12", 120.08, 457.593, "T", "SMD", "GND", "GND", "R", 11.811, 51.181, 0, 0, 180],
		[104, "PAD18_A4", 100.39, 457.593, "T", "SMD", "+5V", "", "R", 11.811, 51.181, 0, 0, 180],
		[105, "PAD19_B9", 88.58, 457.593, "T", "SMD", "+5V", "", "R", 11.811, 51.181, 0, 0, 180],
		[106, "PAD20_B4", -88.58, 457.593, "T", "SMD", "+5V", "", "R", 11.811, 51.181, 0, 0, 180],
		[107, "PAD21_A9", -100.4, 457.593, "T", "SMD", "+5V", "", "R", 11.811, 51.181, 0, 0, 180],
		[108, "PAD22_B1", -120.08, 457.593, "T", "SMD", "GND", "GND", "R", 11.811, 51.181, 0, 0, 180],
		[109, "PAD23_A12", -131.89, 457.593, "T", "SMD", "GND", "GND", "R", 11.811, 51.181, 0, 0, 180],
		[110, "PAD24_2", -170.28, 652.403, "T", "DIP", "GND", "GND", "O", 47.244, 70.866, 31.496, 55.118, 180],
		[111, "PAD24_2", -170.28, 652.403, "B", "DIP", "GND", "GND", "O", 47.244, 70.866, 31.496, 55.118, 180],
		[112, "PAD25_1", -170.28, 487.843, "T", "DIP", "GND", "GND", "O", 47.244, 78.74, 31.496, 62.991, 180],
		[113, "PAD25_1", -170.28, 487.843, "B", "DIP", "GND", "GND", "O", 47.244, 78.74, 31.496, 62.991, 180],
		[114, "PAD26_0", 170.28, 487.843, "T", "DIP", "GND", "GND", "O", 47.244, 78.74, 31.496, 62.993, 180],
		[115, "PAD26_0", 170.28, 487.843, "B", "DIP", "GND", "GND", "O", 47.244, 78.74, 31.496, 62.993, 180],
		[116, "PAD27_3", 170.28, 652.403, "T", "DIP", "GND", "GND", "O", 47.244, 70.866, 31.496, 55.118, 180],
		[117, "PAD27_3", 170.28, 652.403, "B", "DIP", "GND", "GND", "O", 47.244, 70.866, 31.496, 55.118, 180],
		[118, "PAD28_2", 217.56, -465, "T", "SMD", "VCC", "", "R", 31.496, 35.433, 0, 0, 180],
		[119, "PAD29_1", 272.68, -465, "T", "SMD", "GND", "GND", "R", 31.496, 35.433, 0, 0, 180],
		[120, "PAD30_2", 214.211, -604.291, "T", "SMD", "VCC", "", "R", 31.496, 35.433, 0, 0, 180],
		[121, "PAD31_1", 269.331, -604.291, "T", "SMD", "GND", "GND", "R", 31.496, 35.433, 0, 0, 180],
		[122, "PAD32_2", 217.27, -534.291, "T", "SMD", "+3V3", "", "R", 31.496, 35.433, 0, 0, 180],
		[123, "PAD33_1", 272.39, -534.291, "T", "SMD", "GND", "GND", "R", 31.496, 35.433, 0, 0, 180],
		[124, "PAD34_2", 300, 244.66, "T", "SMD", "$1N1822", "", "R", 31.751, 34.016, 0, 0, 90],
		[125, "PAD35_1", 300, 185.34, "T", "SMD", "DP", "", "R", 31.751, 34.016, 0, 0, 90],
		[126, "PAD36_2", -305, -244.66, "T", "SMD", "DIN", "", "R", 31.751, 34.016, 0, 0, 270],
		[127, "PAD37_1", -305, -185.34, "T", "SMD", "$1N2076", "", "R", 31.751, 34.016, 0, 0, 270],
		[128, "PAD38_1", -98.42, 285.43, "T", "DIP", "SW", "", "C", 70.866, 70.866, 47.244, 47.244, 0],
		[129, "PAD38_1", -98.42, 285.43, "B", "DIP", "SW", "", "C", 70.866, 70.866, 47.244, 47.244, 0],
		[130, "PAD39_2", 98.43, 285.43, "T", "DIP", "GND", "GND", "C", 70.866, 70.866, 47.244, 47.244, 0],
		[131, "PAD39_2", 98.43, 285.43, "B", "DIP", "GND", "GND", "C", 70.866, 70.866, 47.244, 47.244, 0],
		[132, "PAD40_A", -98.42, -285.43, "T", "DIP", "A", "", "C", 70.866, 70.866, 47.244, 47.244, 0],
		[133, "PAD40_A", -98.42, -285.43, "B", "DIP", "A", "", "C", 70.866, 70.866, 47.244, 47.244, 0],
		[134, "PAD41_C", 0, -285.43, "T", "DIP", "GND", "GND", "C", 70.866, 70.866, 47.244, 47.244, 0],
		[135, "PAD41_C", 0, -285.43, "B", "DIP", "GND", "GND", "C", 70.866, 70.866, 47.244, 47.244, 0],
		[136, "PAD42_B", 98.43, -285.43, "T", "DIP", "B", "", "C", 70.866, 70.866, 47.244, 47.244, 0],
		[137, "PAD42_B", 98.43, -285.43, "B", "DIP", "B", "", "C", 70.866, 70.866, 47.244, 47.244, 0],
		[138, "PAD43_2", 40.34, 340.68, "T", "SMD", "GND", "GND", "R", 31.751, 34.016, 0, 0, 270],
		[139, "PAD44_1", 40.34, 400, "T", "SMD", "$1N1196", "", "R", 31.751, 34.016, 0, 0, 270],
		[140, "PAD45_2", -45.34, 400, "T", "SMD", "$1N1197", "", "R", 31.751, 34.016, 0, 0, 90],
		[141, "PAD46_1", -45.34, 340.68, "T", "SMD", "GND", "GND", "R", 31.751, 34.016, 0, 0, 90],
		[142, "PAD47_1", -447.95, -373.23, "T", "DIP", "$1N1822", "", "C", 78.74, 78.74, 47.24, 47.24, 180],
		[143, "PAD47_1", -447.95, -373.23, "B", "DIP", "$1N1822", "", "C", 78.74, 78.74, 47.24, 47.24, 180],
		[144, "PAD48_2", -192.05, -373.23, "T", "DIP", "$1N1822", "", "C", 78.74, 78.74, 47.24, 47.24, 180],
		[145, "PAD48_2", -192.05, -373.23, "B", "DIP", "$1N1822", "", "C", 78.74, 78.74, 47.24, 47.24, 180],
		[146, "PAD49_4", -192.05, -526.77, "T", "DIP", "$1N4524", "", "C", 78.74, 78.74, 47.24, 47.24, 180],
		[147, "PAD49_4", -192.05, -526.77, "B", "DIP", "$1N4524", "", "C", 78.74, 78.74, 47.24, 47.24, 180],
		[148, "PAD50_3", -447.95, -526.77, "T", "DIP", "$1N4524", "", "C", 78.74, 78.74, 47.24, 47.24, 180],
		[149, "PAD50_3", -447.95, -526.77, "B", "DIP", "$1N4524", "", "C", 78.74, 78.74, 47.24, 47.24, 180],
		[150, "PAD51_3", -351.575, -62.99, "T", "SMD", "GND", "GND", "R", 70.866, 39.37, 0, 0, 180],
		[151, "PAD52_4", -351.575, 62.99, "T", "SMD", "$1N2076", "", "R", 70.866, 39.37, 0, 0, 180],
		[152, "PAD53_1", -548.425, 62.99, "T", "SMD", "VCC", "", "R", 70.866, 39.37, 0, 0, 180],
		[153, "PAD54_2", -548.425, -62.99, "T", "SMD", "DOUT", "", "R", 70.866, 39.37, 0, 0, 180],
		[154, "PAD55_3", 548.425, -62.99, "T", "SMD", "GND", "GND", "R", 70.866, 39.37, 0, 0, 180],
		[155, "PAD56_4", 548.425, 62.99, "T", "SMD", "DOUT", "", "R", 70.866, 39.37, 0, 0, 180],
		[156, "PAD57_1", 351.575, 62.99, "T", "SMD", "VCC", "", "R", 70.866, 39.37, 0, 0, 180]
	]
}
}